Metric,Value
silhouette_score,0.19502224807264443
davies_bouldin_index,2.5575808234594293
calinski_harabasz_score,53.4466031882611
inertia,61.97151253990294
n_clusters,5

Cluster ID,Size
0,113
1,56
2,49
3,74
4,69
