{
  "n_clusters": 5,
  "cluster_sizes": {
    "0": 69,
    "1": 66,
    "2": 96,
    "3": 148,
    "4": 77
  },
  "silhouette_score": 0.06789602807617352,
  "davies_bouldin_index": 2.8086929737033173,
  "calinski_harabasz_score": 28.898605847038667,
  "inertia": 91.20426328123597
}