{
  "n_clusters": 5,
  "cluster_sizes": {
    "0": 1,
    "1": 2,
    "2": 1,
    "3": 1,
    "4": 1
  },
  "silhouette_score": 0.21465594246306577,
  "davies_bouldin_index": 0.16028422481634283,
  "calinski_harabasz_score": 10.302259171793315,
  "inertia": 0.03623371222710461
}