Metric,Value
n_documents,3
embedding_dim,768
mean_norm,0.915360756931875
std_norm,0.0066253348975199135
min_norm,0.9060303403661687
max_norm,0.9207676449227135

Similarity Metric,Value
mean,0.7787155849911409
median,0.7793886315334747
std,0.05723356806110438
min,0.7082849662070745
max,0.8484731572328736

Dimensionality Metric,Value
effective_dim,2
n_components_95,2
n_components_99,2
