,thomas2022knowledge,friston2020some,biehl2020technical
thomas2022knowledge,0.9999999999999997,0.7082849662070745,0.7793886315334747
friston2020some,0.7082849662070745,0.9999999999999996,0.8484731572328736
biehl2020technical,0.7793886315334747,0.8484731572328736,0.9999999999999998
